{"Number_Of_Power_Periods":2,"Power_Price":[0.0034874999999999997,0.002954166666666667],"Current_Power_Term":[20,10],"Optimal_Power_Term":[]}