{"Number_Of_Power_Periods":6,"Pow er_Price":[0.0034874999999999997,0.002954166666666667,0.0017000000000000001,0.0013791666666666666,0.00045000000000000004,0.00024166666666666664],"Current_Power_Term":[50,10,5,4,2,1],"Optimal_Power_Term":[]}