{
  "current": {
    "Total_cost___euros": [
      5656.7768564,
      4161.7512868000013,
      4760.5503532,
      4515.6508284,
      5470.406572,
      5199.1355980000008,
      5298.356218,
      4761.82147149091,
      5818.5834956,
      6017.6229888,
      5655.0253716000007,
      5265.6144159999994
    ],
    "Power_part_cost___euros": [
      3658,
      3318.7840000000006,
      3622.784,
      3492.0000000000005,
      3585.584,
      3300.0000000000005,
      3445.216,
      3410,
      3418.0800000000004,
      3534,
      3538.0800000000004,
      3459.84
    ],
    "PowerTerms_price___MW_euros_hours": [
      300,
      100
    ],
    "PowerPenalization_cost___euros": [
      248,
      238.78400000000011,
      212.78399999999996,
      192,
      175.58399999999997,
      0,
      35.216000000000044,
      0,
      118.08000000000004,
      124,
      238.08000000000004,
      159.83999999999992
    ]
  },
  "optimun": {
    "Total_cost___euros": [
      3966.6568564,
      2620.4072868000003,
      3105.6463532000007,
      2928.0508284000002,
      3852.702572,
      3803.5355980000004,
      3821.0202179999997,
      3319.7014714909096,
      4304.9034956,
      4451.502988799999,
      4021.3453716000004,
      3710.174416
    ],
    "Power_part_cost___euros": [
      1967.88,
      1777.4400000000003,
      1967.88,
      1904.4000000000003,
      1967.88,
      1904.4000000000003,
      1967.88,
      1967.88,
      1904.4000000000003,
      1967.88,
      1904.4000000000003,
      1904.4000000000003
    ],
    "PowerTerms_price___MW_euros_hours": [
      130.72,
      121.32000000000001
    ],
    "PowerPenalization_cost___euros": [
      0,
      0,
      0,
      0,
      0,
      0,
      0,
      0,
      0,
      0,
      0,
      0
    ]
  },
  "Energy_part_cost___euros": [
    1998.7768564,
    842.96728680000024,
    1137.7663532000004,
    1023.6508283999999,
    1884.822572,
    1899.1355979999998,
    1853.1402179999998,
    1351.8214714909095,
    2400.5034955999995,
    2483.6229887999993,
    2116.9453716,
    1805.7744159999995
  ],
  "FixedPower_cost__euros": [
    3410,
    3080.0000000000005,
    3410,
    3300.0000000000005,
    3410,
    3300.0000000000005,
    3410,
    3410,
    3300.0000000000005,
    3410,
    3300.0000000000005,
    3300.0000000000005
  ],
  "DateTime": [
    "01-Jan-2014 01:00:00",
    "01-Feb-2014 01:00:00",
    "01-Mar-2014 01:00:00",
    "01-Apr-2014 01:00:00",
    "01-May-2014 01:00:00",
    "01-Jun-2014 01:00:00",
    "01-Jul-2014 01:00:00",
    "01-Aug-2014 01:00:00",
    "01-Sep-2014 01:00:00",
    "01-Oct-2014 01:00:00",
    "01-Nov-2014 01:00:00",
    "01-Dec-2014 01:00:00"
  ]
}