{"PowerPrice":[0.0034874999999999997,0.002954166666666667],"Potencia_de_contratacion_opt":[130,88]}