{"Number_Of_Power_Periods":6,"Power_Price":[0.0034874999999999997,0.002954166666666667,0.0017000000000000001,0.0013791666666666666,0.00045000000000000004,0.00024166666666666664],"Current_Power_Term":[50,10,5,4,2,1],"Optimal_Power_Term":[130,129,122,118,109,88],"Total_Current_Cost":101225.56415614217,"Total_Opti_Cost":71284.066656142168,"Total_Saving":29941.497499999994}